title,link,image
Protests over Yemen's weakening currency paralyze Aden,https://www.aljazeera.com/article/us-yemen-security/protests-over-yemens-weakening-currency-paralyze-aden-idUSKCN1LI0EZ,https://s4.reutersmedia.net/resources/r/?m=02&d=20180902&t=2&i=1299911667&w=200&fh=&fw=&ll=&pl=&sq=&r=LYNXNPEE810CU
Some 400 prisoners escape prison in Tripoli chaos,https://www.aljazeera.com/article/us-libya-security/some-400-prisoners-escape-prison-in-tripoli-chaos-idUSKCN1LI0SU,
Khamenei says war unlikely but urges boosting Iran's defenses,https://www.aljazeera.com/article/us-iran-nuclear-khamenei/khamenei-says-war-unlikely-but-urges-boosting-irans-defenses-idUSKCN1LI0EG,https://s3.reutersmedia.net/resources/r/?m=02&d=20180902&t=2&i=1299965923&w=200&fh=&fw=&ll=&pl=&sq=&r=LYNXNPEE810C6
Israel's Arab MPs back UK's Corbyn amid anti-Semitism accusations,https://www.aljazeera.com/article/us-britain-politics-labour-israel/israels-arab-mps-back-uks-corbyn-amid-anti-semitism-accusations-idUSKCN1LI0R1,https://s3.reutersmedia.net/resources/r/?m=02&d=20180902&t=2&i=1300010952&w=200&fh=&fw=&ll=&pl=&sq=&r=LYNXNPEE810MK
"Kuwait emir announces visit to Washington, talks with Trump",https://www.aljazeera.com/article/us-usa-kuwait/kuwait-emir-announces-visit-to-washington-talks-with-trump-idUSKCN1LI06R,https://s2.reutersmedia.net/resources/r/?m=02&d=20180902&t=2&i=1299975407&w=200&fh=&fw=&ll=&pl=&sq=&r=LYNXNPEE8107C
Long reach of U.S. sanctions hits Syria reconstruction,https://www.aljazeera.com/article/us-mideast-crisis-syria-sanctions/long-reach-of-u-s-sanctions-hits-syria-reconstruction-idUSKCN1LI06Z,https://s4.reutersmedia.net/resources/r/?m=02&d=20180902&t=2&i=1299965340&w=200&fh=&fw=&ll=&pl=&sq=&r=LYNXNPEE8108X
Police disperse protesters at entrance to Iraq's Nahr Bin Omar oilfield,https://www.aljazeera.com/article/us-iraq-protests/police-disperse-protesters-at-entrance-to-iraqs-nahr-bin-omar-oilfield-idUSKCN1LI04B,
Qatar plans to invest billions of dollars in Germany: report,https://www.aljazeera.com/article/us-germany-qatar-investments/qatar-plans-to-invest-billions-of-dollars-in-germany-report-idUSKCN1LI0JP,
Blasts shake Damascus military airport,https://www.bbc.co.uk/news/world-middle-east-45386528,https://ichef.bbci.co.uk/news/200/cpsprodpb/10564/production/_103261966_syria.jpg
"US aid cut 'an assault', say Palestinians",https://www.bbc.co.uk/news/world-middle-east-45381173,https://ichef.bbci.co.uk/news/200/cpsprodpb/ACDF/production/_103255244_mediaitem103255243.jpg
Nations call for calm after Libya clashes,https://www.bbc.co.uk/news/world-africa-45382558,https://ichef.bbci.co.uk/news/200/cpsprodpb/18371/production/_103258199_mediaitem103258198.jpg
'Mistakes' admitted in Yemen bus attack,https://www.bbc.co.uk/news/world-middle-east-45382561,
Nazanin's husband tells of jail anguish,https://www.bbc.co.uk/news/uk-45385261,
Lana Del Rey postpones Israel performance,https://www.bbc.co.uk/news/entertainment-arts-45381228,
Iranian women swimming for freedom,https://www.bbc.co.uk/news/av/world-middle-east-45374292/iranian-women-swimming-for-freedom,https://ichef.bbci.co.uk/news/200/cpsprodpb/14298/production/_103248528_p06jzj99.jpg
Feeling inspired?,https://www.bbc.co.ukhttps://www.bbc.co.uk/programmes/p06jbt7p?intc_type=promo&amp;intc_location=news&amp;intc_campaign=whathappenstoyourbrainwhencreative&amp;intc_linkname=radio4_sm_low_c3,https://ichef.bbci.co.uk/news/200/cpsprodpb/D5F6/production/_103247745_feeling-inspired.jpg
Saudi-Led Coalition Admits Errors in Strike Killing Yemeni Children,https://www.wsj.com/articles/saudi-led-coalition-admits-errors-in-strike-killing-yemeni-children-1535822789,https://s.wsj.net/public/resources/images/S1-AX238_0901ye_D_20180901132129.jpg
Russia Offers a Carrot to Embattled Syrian Rebels,https://www.wsj.com/articles/russia-offers-a-carrot-to-embattled-syrian-rebels-1535799600,https://s.wsj.net/public/resources/images/B3-BO801_RUSYRI_D_20180831142550.jpg
"As Assault Looms, Syrian Rebels Detain Those Trying to Surrender",https://www.wsj.com/articles/as-assault-looms-syrian-rebels-detain-those-trying-to-surrender-1535726248,https://s.wsj.net/public/resources/images/S1-AX081_syridl_D_20180831093832.jpg
Iran Tries to Save $1 Billion Deal With Giant Oil Trader,https://www.wsj.com/articles/iran-tries-to-save-1-billion-deal-with-giant-oil-trader-1535731368,https://s.wsj.net/public/resources/images/S1-AX103_vitoli_D_20180831114101.jpg
Turkey braces for turmoil as corporate stress builds,https://www.ft.com/content/75246f22-aeb4-11e8-8d14-6f049d06439c,
Trump administration again cuts Palestinian aid,https://www.ft.com/content/e9c807b4-ad5e-11e8-94bd-cba20d67390c,
Trump cuts aid to UN Palestinian refugee aid programme,https://www.ft.com/content/c48979d4-ad5d-11e8-89a1-e5de165fa619,
Last Syrian rebel stronghold Idlib digs in for battle,https://www.ft.com/content/f4c8fb70-ad16-11e8-94bd-cba20d67390c,
Iran’s Khamenei says negotiating with US not possible ‘at any level’,https://www.ft.com/content/5309993e-ab90-11e8-94bd-cba20d67390c,
Israel reaps rewards of unlikely alliance with Putin,https://www.ft.com/content/ec5e2090-a7bd-11e8-926a-7342fe5e173f,
Syrians need the truth about missing loved ones,https://www.ft.com/content/9efd12ec-aab1-11e8-8253-48106866cd8a,
UN accuses Saudi coalition of war crimes in Yemen,https://www.ft.com/content/2a5ebcce-aab6-11e8-94bd-cba20d67390c,
Rouhani grilled in parliament over Iran’s economic woes,https://www.ft.com/content/892bb824-aaa2-11e8-89a1-e5de165fa619,
Iranian anger at corruption grows as sanctions bite,https://www.ft.com/content/80aebcce-a772-11e8-8ecf-a7ae1beff35b,
Nazanin Zaghari-Ratcliffe back in Tehran prison,https://www.ft.com/content/2e38bf82-a94b-11e8-94bd-cba20d67390c,
A deal to give Iran space — and the US its victory,https://www.ft.com/content/3f0d1536-a6fa-11e8-a1b6-f368d365bf0e,
Iran’s finance minister impeached by parliament,https://www.ft.com/content/0fe2101e-a929-11e8-94bd-cba20d67390c,
Trump administration to halt $200m aid to Palestinians,https://www.ft.com/content/6d17f898-a7da-11e8-8ecf-a7ae1beff35b,
"Uri Avnery, journalist and activist, 1923-2018",https://www.ft.com/content/b7d80514-a602-11e8-926a-7342fe5e173f,
Turkey warns of ‘catastrophe’ in Syria’s Idlib,https://www.ft.com/content/2fdb8eea-a7a3-11e8-926a-7342fe5e173f,
Nazanin Zaghari-Ratcliffe freed from Iran jail for 3 days,https://www.ft.com/content/1a8b1c20-a6d8-11e8-926a-7342fe5e173f,
Saudi Aramco IPO: the Empty Quarter,https://www.ft.com/content/02b1c2ee-a6cd-11e8-8ecf-a7ae1beff35b,
Isis chief Baghdadi issues appeal in purported recording,https://www.ft.com/content/a0f329e0-a6bc-11e8-926a-7342fe5e173f,
Riyadh insists Saudi Aramco IPO remains on course,https://www.ft.com/content/78624d24-a678-11e8-8ecf-a7ae1beff35b,
Facebook removes accounts linked to Iran and Russia,https://www.ft.com/content/387df03c-a5a1-11e8-8ecf-a7ae1beff35b,
Russia launches a diplomatic offensive on Syria,https://www.ft.com/content/e89d42f0-a539-11e8-8ecf-a7ae1beff35b,
Young secular Turks are losing our country,https://www.ft.com/content/5c10cffc-a46a-11e8-a1b6-f368d365bf0e,
US approves sale from strategic oil reserve as Iran sanctions loom,https://www.ft.com/content/841f72d6-a4a7-11e8-926a-7342fe5e173f,
Threat of US sanctions pushes France’s Total out of Iran,https://www.ft.com/content/6baba178-a459-11e8-926a-7342fe5e173f,
"Airstrike on Yemen school bus is 'apparent war crime,' says rights group",https://edition.cnn.com/2018/09/02/middleeast/saudi-yemen-school-bus-strike-war-crime-intl/index.html,https://cdn.cnn.com/cnnnext/dam/assets/180810102214-12-yemen-schoolbus-airstrike-0809-overlay-tease.jpg
Series of explosions reported at Syrian military airport,https://edition.cnn.com/2018/09/01/middleeast/syria-explosion-al-mazzeh/index.html,https://cdn.cnn.com/cnnnext/dam/assets/180901202556-al-mazzeh-explosion-syria-overlay-tease.jpg
Saudi-led coalition admits 'mistakes' made in deadly bus attack in Yemen,https://edition.cnn.com/2018/09/01/middleeast/saudi-coalition-yemen-attack/index.html,https://cdn.cnn.com/cnnnext/dam/assets/180813093824-01-yemen-airstrike-aftermath-0810-overlay-tease.jpg
Israel praises US halt to Palestinian refugee aid; PLO slams the move,https://edition.cnn.com/2018/09/01/middleeast/israel-palestinian-us-funding-refugees-intl/index.html,https://cdn.cnn.com/cnnnext/dam/assets/180117165941-unrwa-school-west-bank-overlay-tease.jpg
Why Syria's last battleground could be its deadliest yet,https://edition.cnn.com/2018/09/01/middleeast/syria-last-battleground-deadliest-intl/index.html,
